{
	"format_version": "1.8.0",
	"animations": {
		"animation.angel.idle": {
			"loop": true,
			"animation_length": 2,
			"bones": {
				"angelring": {
					"position": {
						"0.0": [0, 0, 0],
						"1.0": [0, 1, 0],
						"2.0": [0, 0, 0]
					}
				},
				"angelwings": {
					"rotation": {
						"0.0": [0, 0, 0],
						"0.5": [13.31097, -1.11742, 4.94059],
						"0.9167": [12.91864, -0.55062, 2.47401],
						"1.2917": [11.59376, 1.04247, -4.97094],
						"1.7083": [7.29486, -8.05868, 1.77749],
						"2.0": [0, 0, 0]
					},
					"position": {
						"0.0": [0, 0, 0],
						"0.5": [0, 1, 1],
						"1.25": [0, -1, -1],
						"2.0": [0, 0, 0]
					}
				},
				"angelwings1": {
					"rotation": {
						"0.0": [0, 0, 0],
						"0.4167": [0, 0, -12.5],
						"0.9583": [0, 0, 0],
						"1.5": [0, 0, 25],
						"2.0": [0, 0, 0]
					},
					"position": {
						"0.0": [0, 0, 0],
						"0.2917": [1, 0, -1],
						"0.9583": [-1, -1, -1],
						"2.0": [0, 0, 0]
					}
				},
				"angelwings2": {
					"rotation": {
						"0.0": [0, 0, 0],
						"0.375": [0, 0, -15],
						"0.7917": [0, 0, 25],
						"1.375": [0, 0, 12.5],
						"2.0": [0, 0, 0]
					},
					"position": {
						"0.0": [0, 0, 0],
						"0.5833": [-1, -2, -1],
						"1.1667": [-1, -2, 1],
						"1.6667": [0, -2, 0],
						"2.0": [0, 0, 0]
					}
				},
				"angelwings3": {
					"rotation": {
						"0.0": [0, 0, 0],
						"0.2917": [0, -7.5, 10],
						"0.7917": [0.98448, -7.43547, 2.43603],
						"1.375": [-3.39297, -9.30589, 11.90025],
						"2.0": [0, 0, 0]
					},
					"position": {
						"0.0": [0, 0, 0],
						"0.5833": [-2, -1, 0],
						"1.75": [1, 0, 0],
						"2.0": [0, 0, 0]
					}
				}
			}
		},
		"animation.angel.pose": {
			"loop": true,
			"bones": {
				"waist": {
					"rotation": [7.52832, 4.95712, 0.65426]
				},
				"leftArm": {
					"rotation": [-27.53201, 42.73905, -26.82328],
					"position": [0, -1, -3]
				},
				"rightArm": {
					"rotation": [18.76272, 6.37699, 28.30557],
					"position": [0, -1, 1]
				},
				"rightLeg": {
					"rotation": [-5.234, 17.86685, 3.40912],
					"position": [0, 0, -1]
				},
				"leftLeg": {
					"rotation": [5, 0, 0]
				}
			}
		},
		"animation.angel.walking": {
			"loop": true,
			"animation_length": 1.75,
			"bones": {
				"root": {
					"position": {
						"0.0": [0, 0, 0],
						"0.5": [0, -1, 1],
						"0.75": [0, 0, 1],
						"1.0": [0, 0, 1],
						"1.25": [0, -1, 0],
						"1.5": [0, 0, 1],
						"1.75": [0, 0, 0]
					}
				},
				"waist": {
					"rotation": {
						"0.0": [7.52832, 4.95712, 0.65426],
						"0.25": [10.08888, 7.4002, 1.19677],
						"0.5": [15.44065, 11.95398, 3.37192],
						"0.75": [14.96113, 0.18759, -0.85315],
						"1.0": [12.5025, -4.69198, -1.93111],
						"1.25": [22.53086, -4.42998, -2.76384],
						"1.5": [17.46, 0.19, -0.85],
						"1.75": [7.52832, 4.95712, 0.65426]
					},
					"position": [0, 0, 0]
				},
				"head": {
					"rotation": {
						"0.0": [0, 0, 0],
						"0.25": [7.5, 0, 0],
						"0.5": [12.5, 0, 0],
						"0.75": [2.5, 0, 0],
						"1.0": [-2.5, 0, 0],
						"1.25": [7.5, 0, 0],
						"1.5": [-2.5, 0, 0],
						"1.75": [0, 0, 0]
					}
				},
				"leftArm": {
					"rotation": {
						"0.0": [-20.69284, 16.88547, -4.6653],
						"0.5": [-36.64347, 21.05234, -7.6004],
						"0.75": [-24.10306, 18.13079, -14.9347],
						"1.0": [-19.85292, 17.29632, -17.40424],
						"1.25": [-4.9013, 0.99191, -25.05815],
						"1.5": [-22.4, 0.99, -25.06],
						"1.75": [-20.69284, 16.88547, -4.6653]
					},
					"position": {
						"0.0": [0, -1, -1],
						"0.5": [0, 0, -2],
						"0.75": [0, 0, -2],
						"1.0": [0, 0, 0],
						"1.25": [0, -1, 1],
						"1.5": [0, -1, -1],
						"1.75": [0, -1, -1]
					}
				},
				"rightArm": {
					"rotation": {
						"0.0": [7.15656, 2.24944, 40.14068],
						"0.25": [12.16, 2.25, 40.14],
						"0.5": [14.91795, 8.86634, 44.48591],
						"0.75": [8.98216, -0.17899, 37.9173],
						"1.0": [9.01621, -5.11854, 37.1374],
						"1.25": [-5.85941, -20.54802, 33.66457],
						"1.5": [3.19154, -13.41737, 38.00177],
						"1.75": [7.15656, 2.24944, 40.14068]
					},
					"position": [0, -1, 1]
				},
				"angelwings": {
					"position": {
						"0.0": [0, 0, 0],
						"0.25": [0, 0, 1],
						"0.5": [0, -1, 2],
						"0.75": [0, 0, 1],
						"1.0": [0, 0, 0],
						"1.25": [0, 0, 1],
						"1.5": [0, -1, 1],
						"1.75": [0, 0, 0]
					}
				},
				"leftLeg": {
					"rotation": {
						"0.0": [0, 0, 0],
						"0.25": [4.83, 1.38, 1],
						"0.5": [17.15801, 2.75497, 2.00811],
						"0.75": [4.66, 2.75, 2.01],
						"1.0": [-7.84, 2.75, 2.01],
						"1.25": [-2.84, 2.75, 2.01],
						"1.5": [-0.34, 2.75, 2.01],
						"1.75": [0, 0, 0]
					},
					"position": {
						"0.0": [0, 0, 0],
						"0.5": [0, 1, 0],
						"0.75": [0, 0, 0],
						"1.0": [0, 0, -1],
						"1.25": [0, 1, -2],
						"1.5": [0, 0, -1],
						"1.75": [0, 0, 0]
					}
				},
				"rightLeg": {
					"rotation": {
						"0.0": [0, 0, 0],
						"0.25": [-7.5, 0, 0],
						"0.5": [-5, 0, 0],
						"0.75": [5, 0, 0],
						"1.0": [12.5, 0, 0],
						"1.25": [20, 0, 0],
						"1.5": [12.5, 0, 0],
						"1.75": [0, 0, 0]
					},
					"position": {
						"0.0": [0, 0, -1],
						"0.5": [0, 1, -1],
						"0.75": [0, 0, 0],
						"1.0": [0, 0, 0],
						"1.25": [0, 1, 0],
						"1.5": [0, 1, 0],
						"1.75": [0, 0, -1]
					}
				}
			}
		},
		"animation.angel.spawn": {
			"loop": "hold_on_last_frame",
			"animation_length": 2.4167,
			"bones": {
				"root": {
					"rotation": {
						"0.0": [0, 0, 0],
						"0.2917": [0, 0, 22.5],
						"0.4167": [0, 0, 22.5],
						"0.625": [0, 0, 17.5],
						"0.9167": [0, 0, 5],
						"1.25": [0, 0, 0],
						"1.75": [0, 0, 0],
						"2.0": [0, 0, 0],
						"2.2917": [0, 0, 0]
					},
					"position": {
						"0.0": [0, -38, 0],
						"0.2917": [-4, -34, 0],
						"0.4167": [-4, -34, 0],
						"0.625": [-4, -32, 4],
						"0.9167": [1, -27, 4],
						"1.25": [2, -21, 6],
						"1.75": [2, -8, 4],
						"2.0": [2, -6, 4],
						"2.2917": [0, 0, 0]
					}
				},
				"waist": {
					"rotation": {
						"0.0": [0, 0, 0],
						"0.2917": [0, 0, 0],
						"0.4167": [0, 0, 0],
						"0.9167": [0, 0, 0],
						"1.25": [15, 0, 0],
						"1.5": [14.94548, -1.29256, 4.83045],
						"1.75": [39.95, -1.29, 4.83],
						"2.0": [44.95, -1.29, 4.83],
						"2.2917": [6.94283, 16.68125, 1.96687]
					}
				},
				"leftArm": {
					"rotation": {
						"0.0": [0, 0, 0],
						"0.2917": [0, 0, 0],
						"0.4167": [0, 0, 0],
						"0.9167": [0, 0, 0],
						"1.25": [-12.79362, 12.19908, -2.74715],
						"1.5": [-87.16284, 16.9703, -12.75947],
						"1.75": [-67.66279, 12.35309, -14.74467],
						"2.0": [-52.66, 12.35, -14.74],
						"2.2917": [-32.56334, 28.66805, -21.52335]
					},
					"position": {
						"0.0": [0, 0, 0],
						"0.2917": [0, -3, 0],
						"0.4167": [0, -3, 0],
						"0.9167": [0, -3, 0],
						"1.25": [-1, -2, -2],
						"2.0": [-1, -2, -2],
						"2.2917": [0, -1, -2]
					}
				},
				"rightArm": {
					"rotation": {
						"0.0": [0, 0, 0],
						"0.2917": [-111.33421, 80.08236, 45.56004],
						"0.4167": [-107.13171, 77.71788, 49.83736],
						"0.625": [-94.07576, 28.18882, 64.67245],
						"0.9167": [-92.84467, 2.32415, 94.01864],
						"1.25": [-92.84927, -5.17078, 94.39206],
						"1.5": [-55.97966, -16.51226, 29.05194],
						"1.75": [12.19484, 16.0777, 63.41266],
						"2.0": [19.18013, 14.36669, 70.97795],
						"2.2917": [7.15656, 2.24944, 40.14068]
					},
					"position": {
						"0.0": [0, 0, 0],
						"0.2917": [0, 5, -1],
						"0.4167": [0, 5, -1],
						"0.625": [0, 6, -1],
						"0.9167": [0, 4, -1],
						"1.25": [0, 2, -1],
						"1.75": [0, -1, 2],
						"2.0": [0, 0, 2],
						"2.2917": [0, -1, 1]
					}
				},
				"angelwings": {
					"position": {
						"0.0": [0, -2, -2],
						"1.75": [0, -2, -2],
						"1.8333": [-2, 0, 2],
						"2.0": [0, 0, 0]
					}
				},
				"angelwings1": {
					"position": {
						"0.0": [2, 2, 0],
						"1.75": [2, 2, 0],