{
	"format_version": "1.8.0",
	"animations": {
		"animation.weapon.kyles.skill1": {
			"animation_length": 2.1667,
			"bones": {
				"root": {
					"position": {
						"0.0": [0, 0, 0],
						"0.1667": [0, 0, -1.2],
						"0.2917": [-1.4, -0.3, -5.2],
						"0.9167": [-1.4, -0.3, -5.2],
						"0.9583": [-1.4, -0.3, -7.2],
						"1.0": [-2.1, -0.2, -0.2],
						"1.125": [-1.8, 0, 2.6],
						"1.75": [-1.8, 0, 2.6],
						"1.9167": [0, 0, 0.6],
						"2.1667": [0, 0, 0]
					}
				},
				"waist": {
					"rotation": {
						"0.0": [0, 0, 0],
						"0.1667": [0, 10, 0],
						"0.2917": [14.01926, -49.48408, -6.4861],
						"0.5": [15.6538, -54.31399, -8.5643],
						"0.7083": [16.66276, -56.71139, -9.78844],
						"0.9167": [16.66276, -56.71139, -9.78844],
						"1.0": [13.52691, 34.69589, 5.01745],
						"1.125": [14.44549, 39.55207, 6.53538],
						"1.2917": [16.31903, 46.78294, 9.26631],
						"1.5417": [3.47466, 47.31635, 1.97156],
						"1.7917": [3.47466, 47.31635, 1.97156],
						"1.9167": [0, -10, 0],
						"2.1667": [0, 0, 0]
					}
				},
				"leftArm": {
					"rotation": {
						"0.0": [0, 0, 0],
						"0.1667": [-7.5, 0, 0],
						"0.2917": [-50, 0, 0],
						"0.5": [-55.45565, 7.32033, -22.55634],
						"0.7083": [-68.14846, 0.36207, -25.36755],
						"0.9167": [-58.52962, -8.3388, -16.02524],
						"1.0": [-64.77449, 35.84285, 7.22908],
						"1.125": [-64.11473, 43.68246, 8.50773],
						"1.2917": [-71.88662, 52.08116, -2.51931],
						"1.5417": [0.61, 52.08, -2.52],
						"1.7917": [5.61, 52.08, -2.52],
						"1.9167": [5.97166, 7.20019, -6.51525],
						"2.1667": [0, 0, 0]
					},
					"position": {
						"0.0": [0, 0, 0],
						"0.1667": [0, -1, -1],
						"0.2917": [0, -3, 2],
						"0.5": [0, -3, 2],
						"0.7083": [0, -4, 3],
						"0.9167": [0, -4, 3],
						"1.0": [0, -2, -3],
						"1.125": [0, -2, -3],
						"1.2917": [0, -2, -3],
						"1.5417": [1, -2, -1],
						"1.7917": [1, -2, -1],
						"1.9167": [1, -1, -1],
						"2.1667": [0, 0, 0]
					}
				},
				"rightArm": {
					"rotation": {
						"0.0": [0, 0, 0],
						"0.1667": [14.97616, 9.71473, 12.97422],
						"0.25": [7.04, 3.51, 52.79],
						"0.2917": [-109.22726, -10.42979, 66.41034],
						"0.5": [-112.30354, -15.15642, 60.02741],
						"0.7083": [-120.16403, -17.32555, 61.33118],
						"0.9167": [-125.16403, -17.32555, 61.33118],
						"0.9583": [-62.47362, 9.45072, 91.84273],
						"1.0": [35.96373, 26.37085, 71.17348],
						"1.125": [40.96, 26.37, 71.17],
						"1.2917": [45.96, 26.37, 71.17],
						"1.5417": [0.51281, 51.47544, 5.07024],
						"1.7917": [0.51281, 51.47544, 5.07024],
						"1.9167": [-1.04758, 25.48487, 5.298],
						"2.1667": [0, 0, 0]
					},
					"position": {
						"0.0": [0, 0, 0],
						"0.1667": [0, -2, 1],
						"0.25": [0, -3, 1.2],
						"0.2917": [0, -2, -2],
						"0.4167": [0.2, -2, -3.2],
						"0.5": [1, -2, -4],
						"0.7083": [2, -2, -4],
						"0.9167": [2, -2, -2],
						"0.9583": [0, -2, -5],
						"1.0": [0, -2, 0],
						"1.125": [0, -2, 1],
						"1.2917": [0, -2, 1],
						"1.5417": [0, -2, 2],
						"1.7917": [0, -2, 2],
						"1.9167": [0, -1, 0],
						"2.1667": [0, 0, 0]
					}
				},
				"rightItem": {
					"rotation": {
						"0.0": [0, 0, 0],
						"0.1667": [22.5, 0, 0],
						"0.2083": [35, 0, 0],
						"0.2917": [25, 0, 0],
						"0.7083": [7.5, 0, 0],
						"0.9167": [7.5, 0, 0],
						"0.9583": [30, 0, 0],
						"1.0": [37.5, 0, 0],
						"1.125": [37.5, 0, 0],
						"1.75": [37.5, 0, 0],
						"1.9167": [30, 0, 0],
						"2.1667": [0, 0, 0]
					}
				},
				"leftLeg": {
					"rotation": {
						"0.0": [0, 0, 0],
						"0.1667": [5, 0, 0],
						"0.2917": [21.78016, -16.94336, -11.90961],
						"0.7083": [21.78, -16.94, -11.91],
						"0.9167": [21.78, -16.94, -11.91],
						"1.0": [4.62155, 10.50101, -12.16793],
						"1.125": [-0.38, 10.5, -12.17],
						"1.75": [-0.38, 10.5, -12.17],
						"1.9167": [-2.5, 0, 0],
						"2.1667": [0, 0, 0]
					},
					"position": {
						"0.0": [0, 0, 0],
						"0.1667": [0, 0, 0],
						"0.2917": [1, 0, 1],
						"0.7083": [1, 0, 1],
						"0.9167": [1, 0, 1],
						"1.0": [0, 0, -3],
						"1.125": [0, 0, -3],
						"1.75": [0, 0, -3],
						"1.9167": [0, 0, 0],
						"2.1667": [0, 0, 0]
					}
				},
				"rightLeg": {
					"rotation": {
						"0.0": [0, 0, 0],
						"0.1667": [0, 0, 0],
						"0.2917": [4.98107, -0.43523, 4.98107],
						"0.7083": [4.98, -0.44, 4.98],
						"0.9167": [4.98, -0.44, 4.98],
						"1.0": [17.51894, 30.8337, 14.28809],
						"1.125": [12.52, 30.83, 14.29],
						"1.75": [12.52, 30.83, 14.29],
						"1.9167": [5, 0, 0],
						"2.1667": [0, 0, 0]
					},
					"position": {
						"0.0": [0, 0, 0],
						"0.1667": [0, 0, -1],
						"0.2917": [0, 0, -3],
						"0.7083": [0, 0, -3],
						"0.9167": [0, 0, -3],
						"1.0": [0, 0, 1],
						"1.125": [0, 0, 1],
						"1.75": [0, 0, 1],
						"1.9167": [0, 0, 0],
						"2.1667": [0, 0, 0]
					}
				}
			}
		},
		"animation.weapon.kyles.skill1.up": {
			"animation_length": 2.5833,
			"bones": {
				"root": {
					"position": {
						"0.0": [0, 0, 0],
						"0.1667": [0, 0, -1.2],
						"0.2917": [-1.4, -0.3, -5.2],
						"0.9167": [-1.4, -0.3, -5.2],
						"0.9583": [-1.4, -0.3, -7.2],
						"1.0": [-2.1, -0.2, -0.2],
						"1.125": [-1.8, 0, 2.6],
						"1.2917": [-1.8, 0, 3.8],
						"1.5417": [-1.8, 0, 3.2],
						"1.7083": [-1.8, 0, 3.2],
						"1.75": [-1, 0, 5.7],
						"1.7917": [0, 0, -6.8],
						"1.8333": [0, 0, -1.8],
						"1.9583": [0, 0, -1.8],
						"2.1667": [0, 0, -1.8],
						"2.375": [0, 0, 2.2],
						"2.5833": [0, 0, 0]
					}
				},
				"waist": {
					"rotation": {
						"0.0": [0, 0, 0],
						"0.1667": [0, 10, 0],
						"0.2917": [14.01926, -49.48408, -6.4861],
						"0.5": [15.6538, -54.31399, -8.5643],
						"0.7083": [25.39448, -66.13806, -16.85854],
						"0.9167": [22.10328, -61.39258, -13.21396],
						"1.0": [21.03, 34.7, 5.02],
						"1.125": [26.94549, 39.55207, 6.53538],
						"1.2917": [33.75935, 51.31457, 12.49448],
						"1.5417": [48.7267, 67.40203, 26.64632],
						"1.7083": [58.04931, 69.21817, 31.29753],
						"1.75": [30.67323, 14.77195, 4.35994],
						"1.7917": [27.88878, -37.54186, -8.84651],
						"1.9583": [26.33966, -39.74001, -10.37051],
						"2.1667": [24.81599, -41.97107, -11.86165],
						"2.375": [5.50417, -43.13557, -1.796],
						"2.5833": [0, 0, 0]
					}
				},
				"leftArm": {
					"rotation": {
						"0.0": [0, 0, 0],
						"0.1667": [-7.5, 0, 0],
						"0.2917": [-50, 0, 0],
						"0.5": [-55.45565, 7.32033, -22.55634],
						"0.7083": [-68.14846, 0.36207, -25.36755],
						"0.9167": [-58.52962, -8.3388, -16.02524],
						"1.0": [-64.77449, 35.84285, 7.22908],
						"1.125": [-64.11473, 43.68246, 8.50773],
						"1.2917": [-71.88662, 52.08116, -2.51931],
						"1.5417": [-57.05, 65.95, 8.86],
						"1.7083": [-57.05, 65.95, 8.86],
						"1.75": [-97.18679, 44.09636, -12.00913],
						"1.7917": [-63.5093, -8.54716, -14.76782],
						"1.9583": [-66.99692, -27.03242, 19.74713],
						"2.1667": [-66.93105, -29.08788, 24.91471],
						"2.375": [-3.21762, -34.08469, -0.92276],
						"2.5833": [0, 0, 0]
					},
					"position": {
						"0.0": [0, 0, 0],
						"0.1667": [0, -1, -1],
						"0.2917": [0, -3, 2],
						"0.5": [0, -3, 2],
						"0.7083": [0, -4, 3],
						"0.9167": [0, -4, 3],
						"1.0": [0, -2, -3],
						"1.125": [0, -2, -3],
						"1.2917": [0, -2, -3],
						"1.5417": [-1, -2, -3],
						"1.7083": [-2, -2, -3],
						"1.75": [0.67, -3, -2],
						"1.7917": [0, -5, 3],
						"1.9583": [0, -5, 3],
						"2.1667": [0, -5, 3],
						"2.375": [0, -4, 2],
						"2.5833": [0, 0, 0]
					}
				},
				"rightArm": {
					"rotation": {
						"0.0": [0, 0, 0],
						"0.1667": [14.97616, 9.71473, 12.97422],
						"0.25": [7.04, 3.51, 52.79],
						"0.2917": [-109.22726, -10.42979, 66.41034],
						"0.5": [-112.30354, -15.15642, 60.02741],
						"0.7083": [-120.16403, -17.32555, 61.33118],
						"0.9167": [-125.16403, -17.32555, 61.33118],