{
	"format_version": "1.8.0",
	"animations": {
		"animation.weapon.boltizer.skill1": {
			"animation_length": 1.6667,
			"bones": {
				"root": {
					"position": {
						"0.0": [0, 0, 0],
						"0.1667": [1.7, 0, -1.8],
						"0.2917": [2.5, 0, -1],
						"0.3333": [2.5, 0, -1.4],
						"0.4167": [0.9, 0, 4.2],
						"1.0417": [0.9, 0, 4.2],
						"1.1667": [0.4, 0, 4.3],
						"1.2917": [0.4, 0, 4.3],
						"1.5417": [2.1, 0, 2.2],
						"1.6667": [0, 0, 0]
					}
				},
				"waist": {
					"rotation": {
						"0.0": [0, 0, 0],
						"0.1667": [7.68789, 27.48982, 0.48922],
						"0.2917": [8.11427, 39.97418, 1.24949],
						"0.3333": [13.75327, 34.96053, 1.3203],
						"0.375": [18.57531, 23.90514, 2.78826],
						"0.4167": [15.73396, -42.43865, -2.93595],
						"0.5417": [21.18775, -44.89307, -3.59302],
						"0.7083": [24.79256, -49.78883, -5.09394],
						"0.875": [30.47032, -52.22526, -5.95995],
						"1.0417": [13.74946, -54.65768, -6.92971],
						"1.1667": [15.71521, -59.49652, -9.26899],
						"1.2917": [15.72, -59.5, -9.27],
						"1.5417": [2.93268, 7.06887, 4.46626],
						"1.6667": [0, 0, 0]
					}
				},
				"leftArm": {
					"rotation": {
						"0.0": [0, 0, 0],
						"0.1667": [-61.85066, -5.01331, -87.64183],
						"0.2917": [-94.35, -5.01, -87.64],
						"0.3333": [-121.85, -5.01, -87.64],
						"0.375": [-144.35, -5.01, -87.64],
						"0.4167": [-75.44609, 20.66903, -77.6171],
						"0.5417": [-47.95, 20.67, -77.62],
						"0.7083": [-40.25709, 9.42229, -67.32242],
						"0.875": [-34.09238, 3.15706, -59.30164],
						"1.0417": [-8.50096, -21.55387, -17.26199],
						"1.1667": [14, -21.55, -17.26],
						"1.2917": [15.25625, -31.228, -20.07592],
						"1.5417": [-28.00911, 16.9817, -9.40703],
						"1.6667": [0, 0, 0]
					},
					"position": {
						"0.0": [0, 0, 0],
						"0.1667": [1, -2, 0],
						"0.2917": [1, -2, -2],
						"0.3333": [1, -2, -2],
						"0.375": [1, -3, -2],
						"0.4167": [1, -3, 4],
						"0.5417": [-1, -3, 4],
						"0.7083": [-1, -3, 4],
						"0.875": [-1, -3, 4],
						"1.0417": [0, -3, 4],
						"1.1667": [0, -3, 4],
						"1.2917": [0, -3, 3],
						"1.5417": [0, -2, 0],
						"1.6667": [0, 0, 0]
					}
				},
				"rightArm": {
					"rotation": {
						"0.0": [0, 0, 0],
						"0.1667": [8.62394, 16.98708, 4.94622],
						"0.2917": [5.36917, -18.86105, 10.22653],
						"0.3333": [-38.43, 1.42, 15.37],
						"0.375": [-78.48, 21.71, 20.51],
						"0.4167": [-63.5247, 41.99284, 25.64629],
						"0.5417": [-69.36295, 46.69499, 28.01861],
						"0.7083": [-69.36, 46.69, 28.02],
						"0.875": [-69.36, 46.69, 28.02],
						"1.0417": [-85.10945, -28.02973, 59.42223],
						"1.1667": [-98.43421, -27.23906, 87.68824],
						"1.2917": [-97.48938, 0.00586, 83.80852],
						"1.5417": [5, 12.5, 17.5],
						"1.6667": [0, 0, 0]
					},
					"position": {
						"0.0": [0, 0, 0],
						"0.1667": [0, -1, 2],
						"0.2917": [0, -1, 2],
						"0.3333": [-0.33, -2, 2.67],
						"0.375": [0.33, -1, 4.33],
						"0.4167": [-1, -2, -2],
						"0.5417": [-1, -1, -3],
						"0.7083": [-1, -1, -3],
						"0.875": [-1, -1, -3],
						"1.0417": [-1, -2, -1],
						"1.1667": [0, -2, -1],
						"1.2917": [0, -2, -1],
						"1.5417": [0, -2, 1],
						"1.6667": [0, 0, 0]
					}
				},
				"rightItem": {
					"rotation": {
						"0.0": [0, 0, 0],
						"0.2917": [0, 0, 0],
						"0.3333": [27.5, 0, 0],
						"0.375": [80, 0, 0],
						"0.4167": [90, 0, 0],
						"1.0417": [90, 0, 0],
						"1.1667": [42.5, 0, 0],
						"1.2917": [42.5, 0, 0],
						"1.5417": [42.5, 0, 0],
						"1.6667": [0, 0, 0]
					}
				},
				"leftLeg": {
					"rotation": {
						"0.0": [0, 0, 0],
						"0.1667": [-1.5, 0, 0],
						"0.2917": [-1.50444, 5.06371, 2.36804],
						"0.3333": [0.5, 5.06, 2.37],
						"0.4167": [73.09897, -71.14637, -64.17387],
						"1.0417": [73.1, -71.15, -64.17],
						"1.1667": [69.1, -71.15, -64.17],
						"1.2917": [69.1, -71.15, -64.17],
						"1.5417": [19.98247, 0.85481, -2.34941],
						"1.6667": [0, 0, 0]
					},
					"position": {
						"0.0": [0, 0, 0],
						"0.1667": [0, 0, -2.6],
						"0.2917": [0, 0, -2.6],
						"0.3333": [0, 0, -2.6],
						"0.4167": [1.5, -0.6, 1.1],
						"1.0417": [1.5, -0.6, 1.1],
						"1.1667": [0.6, -0.5, 1.1],
						"1.2917": [0.6, -0.5, 1.1],
						"1.5417": [0.6, 0, -2.9],
						"1.6667": [0, 0, 0]
					}
				},
				"rightLeg": {
					"rotation": {
						"0.0": [0, 0, 0],
						"0.1667": [11.85224, 35.34241, 13.11878],
						"0.2917": [4.35, 35.34, 13.12],
						"0.3333": [9.35, 35.34, 13.12],
						"0.4167": [-3.58703, -0.98815, 7.63338],
						"1.0417": [-3.59, -0.99, 7.63],
						"1.1667": [-3.62969, -0.83257, 10.12535],
						"1.2917": [-3.63, -0.83, 10.13],
						"1.5417": [-3.63, -0.83, 10.13],
						"1.6667": [0, 0, 0]
					},
					"position": {
						"0.0": [0, 0, 0],
						"0.1667": [-0.4, 0, 0.1],
						"0.2917": [-0.2, 0, 0.5],
						"0.3333": [-0.6, 0, 0],
						"0.4167": [0.5, 0, -3.7],
						"1.0417": [0.5, 0, -3.7],
						"1.1667": [1.3, 0, -3.7],
						"1.2917": [1.3, 0, -3.7],
						"1.5417": [-0.4, 0, -1.7],
						"1.6667": [0, 0, 0]
					}
				}
			}
		},
		"animation.weapon.boltizer.skill3": {
			"animation_length": 1.9167,
			"bones": {
				"root": {
					"position": {
						"0.0": [0, 0, 0],
						"0.1667": [0.3, 0, -2.3],
						"0.9583": [0.3, 0, -2.3],
						"1.0417": [-0.9, 0, -2.7],
						"1.2083": [-0.9, 0, -2.7],
						"1.2917": [-1.4, 0, -1.3],
						"1.375": [-1.2, 0, -0.5],
						"1.6667": [-1.2, 0, -0.5],
						"1.9167": [0, 0, 0]
					}
				},
				"waist": {
					"rotation": {
						"0.0": [0, 0, 0],
						"0.1667": [0, -42.5, 0],
						"0.2917": [0, -40, 0],
						"0.9167": [0, -40, 0],
						"1.0417": [0, -47.5, 0],
						"1.2083": [0, -50, 0],
						"1.25": [0, -57.5, 0],
						"1.2917": [0, -32.5, 0],
						"1.3333": [0, -22.5, 0],
						"1.375": [0, -20, 0],
						"1.6667": [0, -20, 0],
						"1.9167": [0, 0, 0]
					}
				},
				"leftArm": {
					"rotation": {
						"0.0": [0, 0, 0],
						"0.1667": [3.17805, -32.36121, -5.92236],
						"0.2917": [3.49909, -39.84733, -6.46036],
						"0.9583": [3.5, -39.85, -6.46],
						"1.0417": [3.5, -39.85, -6.46],
						"1.2083": [3.5, -39.85, -6.46],
						"1.2917": [3.5, -39.85, -6.46],
						"1.3333": [9.9863, -49.21077, -15.04808],
						"1.375": [1.72122, -14.54656, -9.14998],
						"1.6667": [1.7082, 12.93816, -8.3352],
						"1.9167": [0, 0, 0]
					},
					"position": {
						"0.0": [0, 0, 0],
						"0.1667": [0, -1, 2],
						"0.2917": [0, -2, 2],
						"0.9583": [0, -2, 2],
						"1.0417": [0, -2, 2],
						"1.2083": [0, -2, 2],
						"1.2917": [0, -2, 2],
						"1.3333": [0, -2, 2],
						"1.375": [0, -2, 1],
						"1.6667": [0, -2, -1],
						"1.9167": [0, 0, 0]
					}
				},
				"rightArm": {
					"rotation": {
						"0.0": [0, 0, 0],
						"0.1667": [-106.6121, -22.36717, 122.69479],
						"0.2917": [-94.86639, -11.48324, 139.73926],
						"0.5833": [-56.50428, 6.20692, 175.80855],
						"0.9583": [-8.48296, 86.62399, 169.22916],
						"1.0417": [-8.48296, 86.62399, 169.22916],
						"1.2083": [-8.48296, 86.62399, 169.22916],
						"1.2917": [24.9612, 64.0712, 39.9497],
						"1.3333": [8.88941, 74.77944, 41.24251],
						"1.375": [34.19428, 62.74246, 44.68274],
						"1.6667": [34.19428, 62.74246, 44.68274],
						"1.9167": [0, 0, 0]
					},
					"position": {
						"0.0": [0, 0, 0],
						"0.1667": [0, -2, -1],
						"0.2917": [-1, -2, -1],
						"0.5833": [-1, 1.75, -3],
						"0.9583": [-1, 3, -1],
						"1.0417": [-1, 3, -1],
						"1.2083": [-1, 3, -1],
						"1.2917": [0, 0, 1],
						"1.3333": [-1, 0, 0],
						"1.375": [0, -1, 2],
						"1.6667": [0, -1, 2],
						"1.9167": [0, 0, 0]
					}
				},
				"rightItem": {
					"rotation": {
						"0.0": [0, 0, 0],
						"0.1667": [0, 0, 0],
						"0.9583": [0, 0, 0],
						"1.2083": [0, 0, 0],
						"1.25": [72.5, 0, 0],
						"1.2917": [50, 0, 0],
						"1.375": [40, 0, 0],
						"1.6667": [40, 0, 0],